Index,MJD,m,dm,uJy,duJy,F,err,chi/N,RA,Dec,x,y,maj,min,phi,apfit,mag5sig,Sky,Obs
8,57930.61440499999,19.256,0.708,72,51,o,0,0.99,350.76313,-36.23905,3902.42,6772.55,6.41,5.61,-12.0,-0.447,17.95,19.7,01a57930o0725o
24,57948.60077000001,20.368,0.795,26,21,o,0,1.28,350.76313,-36.23905,7129.01,4453.9,2.17,2.12,41.4,-0.483,18.8,19.34,02a57948o0720o
35,57958.542181,20.467,0.7090000000000001,24,17,o,0,1.09,350.76313,-36.23905,4810.21,7801.68,4.24,3.24,88.1,-0.394,19.02,20.78,01a57958o0348o
40,57960.554298,21.32,0.885,11,10,o,0,1.1,350.76313,-36.23905,5314.26,3334.64,2.11,2.0,64.1,-0.452,19.52,20.74,02a57960o0622o
